{
  "$schema": "https://developer.joomla.org/schemas/json-schema/web_assets.json",
  "name": "moko-cassiopeia",
  "version": "4.0.0",
  "description": "This file contains details of the assets used by moko-cassiopeia, the default Joomla 4 site template.",
  "license": "GPL-2.0-or-later",
  "assets": [
    {
      "name": "template.MOKO-CASSIOPEIA.ltr",
      "description": "The css file to be used when the site is left to right (LTR).",
      "type": "style",
      "uri": "template.min.css",
      "dependencies": [
        "fontawesome"
      ]
    },
    {
      "name": "template.MOKO-CASSIOPEIA.rtl",
      "description": "The css file to be used when the site is right to left (RTL).",
      "type": "style",
      "uri": "template-rtl.min.css",
      "dependencies": [
        "fontawesome"
      ]
    },
    {
      "name": "template.offline",
      "description": "The css file to be used when the site is offline and offline.php is being used.",
      "type": "style",
      "uri": "offline.css"
    },
    {
      "name": "template.active.language",
      "description": "An asset to allow language specific css, eg 'language/[lang-CODE]/[lang-CODE].css', to use it as a dependency to the active template",
      "type": "style",
      "uri": "",
      "class": "LangActiveAssetItem",
      "dependencies": [
        "template.active"
      ]
    },
    {
      "name": "template.user",
      "description": "A file where a user can add their own css.",
      "type": "style",
      "uri": "user.css",
      "weight": 500,
      "dependencies": [
        "template.active",
        "template.active.language"
      ]
    },
    {
      "name": "template.MOKO-CASSIOPEIA",
      "description": "The file containing the javascript for this template.",
      "type": "script",
      "uri": "template.js",
      "attributes" : {
        "defer": true
      },
      "dependencies": [
        "core"
      ]
    },
    {
      "name": "template.active",
      "description": "A dummy asset to allow extensions to use it as a dependency to the active template.",
      "type": "script",
      "uri": "",
      "dependencies": [
        "template.MOKO-CASSIOPEIA"
      ]
    },
    {
      "name": "template.user",
      "description": "The name of a file where a user can add their own javascript",
      "type": "script",
      "uri":  "user.js",
      "dependencies": [
        "template.active"
      ]
    },
    {
      "name": "template.MOKO-CASSIOPEIA.ltr",
      "type": "preset",
      "dependencies": [
        "template.MOKO-CASSIOPEIA.ltr#style",
        "template.MOKO-CASSIOPEIA#script"
      ]
    },
    {
      "name": "template.MOKO-CASSIOPEIA.rtl",
      "type": "preset",
      "dependencies": [
        "template.MOKO-CASSIOPEIA.rtl#style",
        "template.MOKO-CASSIOPEIA#script"
      ]
    },
    {
      "name": "searchtools",
      "type": "style",
      "uri": "system/searchtools/searchtools.min.css"
    },
    {
      "name": "fontawesome",
      "type": "style",
      "uri": "system/joomla-fontawesome.min.css"
    }
  ]
}
